Samp#,t,Min,iradiation PK 90%,Mass,Raw,Measurment,Measurement's Sigma,Ratio,Value,Ratio's Sigma
K2SO4,1400,Salt,NTNU_4,Ar36,0.0005241581782136941,-8.648851511760939e-05,7.699544985078067e-06,Ar39/40,14.673974353302786,0.033612270252516355
K2SO4,1400,Salt,NTNU_4,Ar37,0.0001287415211663153,6.431860627987985e-05,6.98834221696714e-06,Ar36/40,-0.02873512495316867,0.002501369880121294
K2SO4,1400,Salt,NTNU_4,Ar38,0.0006894542743245717,0.00046163933842766633,8.811147355305472e-06,Ar39/36,-510.6633215348055,45.299916151810976
K2SO4,1400,Salt,NTNU_4,Ar39,0.044167979189781915,0.04416651240457165,1.3952733464279226e-05,Ar40/36,-34.80061428755779,3.029365925169459
K2SO4,1400,Salt,NTNU_4,Ar40,0.0032586018590940115,0.0030098534549115354,5.943534599612213e-06,Ar38/36,-5.3375796520487935,0.3732956594662133
