Samp#,t,Min,iradiation PK 90%,Mass,Raw,Measurment,Measurement's Sigma,Ratio,Value,Ratio's Sigma
K2SO4,1500,Salt,NTNU_4,Ar36,0.0006251929769307535,1.4546283599450069e-05,7.785578427822525e-06,Ar39/40,13.947029213262203,0.05155822087027536
K2SO4,1500,Salt,NTNU_4,Ar37,0.00011789971584789698,5.347680096146153e-05,7.4879454066741235e-06,Ar36/40,0.007418165170167916,0.003995707226357301
K2SO4,1500,Salt,NTNU_4,Ar38,0.0007479271635999333,0.000520112227703028,9.765397209812363e-06,Ar39/36,1880.1184515747984,1006.8307399855213
K2SO4,1500,Salt,NTNU_4,Ar39,0.027350202982376212,0.02734873619716595,7.83582214172793e-06,Ar40/36,134.8042240986344,72.61070628900677
K2SO4,1500,Salt,NTNU_4,Ar40,0.002209648878325033,0.001960900474142557,6.687066914583965e-06,Ar38/36,35.75567767169692,19.808773010148442
