Samp#,t,Min,iradiation PK 90%,Mass,Raw,Measurment,Measurement's Sigma,Ratio,Value,Ratio's Sigma
K2SO4 A1,400,K,ntnu-5,Ar36,0.0007130565772181251,0.00020501884492794863,1.5934564475495086e-06,Ar39/40,5.242823265762123,0.011885847002130636
K2SO4 A1,400,K,ntnu-5,Ar37,3.484867357000007e-05,0.0009554825296306701,8.06059297163577e-07,Ar36/40,0.004035252321485278,3.265857615573468e-05
K2SO4 A1,400,K,ntnu-5,Ar38,0.003503532050901921,0.003401492769166802,2.3011327061677813e-06,Ar39/36,1299.2553744030479,10.10194020575251
K2SO4 A1,400,K,ntnu-5,Ar39,0.2660823183969195,0.2663718361265423,5.688147982306837e-05,Ar40/36,247.81597786973686,2.005653263062298
K2SO4 A1,400,K,ntnu-5,Ar40,0.2045563556233266,0.05080694553754353,0.00011467079274698088,Ar38/36,16.591122491018886,0.12943780369876481
