Samp#,t,Min,iradiation PK 90%,Mass,Raw,Measurment,Measurement's Sigma,Ratio,Value,Ratio's Sigma
H6,1400,K2SO4,NTNU_4,Ar36,0.0008587737713054486,5.0122724405730814e-05,7.608029941438528e-06,Ar39/40,0.8627299092394836,0.00028097890994242407
H6,1400,K2SO4,NTNU_4,Ar37,-1.5521053407189657e-05,3.151707418906531e-05,5.9940478754124795e-06,Ar36/40,0.0008094301568324538,0.00012300568900443085
H6,1400,K2SO4,NTNU_4,Ar38,0.0012237569502047889,0.0009049206681216314,4.377313370307933e-06,Ar39/36,1065.8484885411335,161.94072914935208
H6,1400,K2SO4,NTNU_4,Ar39,0.05337189617050898,0.05342323004941197,7.903323358128299e-06,Ar40/36,1235.437043652171,187.7441598799836
H6,1400,K2SO4,NTNU_4,Ar40,0.06213154778223784,0.0619234704596086,1.1006765581867042e-05,Ar38/36,18.054099789080233,2.827728277179286
