Samp#,t,Min,iradiation PK 90%,Mass,Raw,Measurment,Measurement's Sigma,Ratio,Value,Ratio's Sigma
H6,1500,K2SO4,NTNU_4,Ar36,0.0010480422527598037,0.00023939120586008585,5.21188516235235e-06,Ar39/40,0.5660187987123264,0.00020083088539468564
H6,1500,K2SO4,NTNU_4,Ar37,4.3524342362340956e-05,9.056246995859592e-05,4.98340328538964e-06,Ar36/40,0.004113676367631044,9.029990601957513e-05
H6,1500,K2SO4,NTNU_4,Ar38,0.001012735916673278,0.0006938996345901205,3.6909834287291555e-06,Ar39/36,137.5943920056797,3.019714929716459
H6,1500,K2SO4,NTNU_4,Ar39,0.03288755354292203,0.03293888742182502,5.767028261232655e-06,Ar40/36,243.09155865264947,5.336138028069369
H6,1500,K2SO4,NTNU_4,Ar40,0.05840205868289478,0.058193981360265545,1.0459229540537136e-05,Ar38/36,2.8986011917065815,0.07852485601475379
